query	target	qstart	tstart	evalue	prob	rmsd	tseq
5pti.pdb	7pti_A	1	1	1.582E-10	1.000	1.990E-01	RPDFCLEPPYTGPCKARIIRYFYNAKAGLAQTFVYGGCRAKRNNFKSAEDAMRTCGGA
5pti.pdb	1bti_A	1	1	7.734E-11	1.000	9.165E-01	RPDFCLEPPYTGPCKARIIRYAYNAKAGLCQTFVYGGCRAKRNNFKSAEDCMRTCGGA
5pti.pdb	1fan_A	1	1	1.483E-10	1.000	1.020E+00	RPDFCLEPPYTGPCKARIIRYFYNAKAGLCQTFVYGGCRAKRNNAKSAEDCMRTCGGA
5pti.pdb	1t7c_D	1	1	1.483E-10	1.000	1.283E+00	RPDFCLEPPYTGPCEARIIRYFYNAKAGLCQTFVYGGCRAKRNNFKSAEDCLRTCGGA
5pti.pdb	3p92_E	1	1	1.483E-10	1.000	9.127E-01	RPDFCLEPPYTGPCRAGIIRYFYNAKAGLCQTFVYGGCRAKRNNFKSAEDCMRTCGGA
5pti.pdb	9pti_A	1	1	2.053E-10	1.000	7.727E-01	RPDFCLEPPYTGPCKARIIRYFYNAKAGLCQTFVYGGCRAKRNNFKSAEDCRTCGGA
5pti.pdb	1bzx_I	1	1	1.582E-10	1.000	1.272E+00	RPDFCLEPPYTGPCKARIIRYFYNAKAGLCQTFVYGGCRAKRNNFKSAEDCMRTCGGA
5pti.pdb	1qlq_A	1	1	1.924E-10	1.000	1.147E+00	RPDFCLEPPYAGACRARIIRYFYNAKAGLCQTFVYGGCRAKRNNFKSAEDCLRTCGGA
5pti.pdb	3tpi_I	1	1	1.389E-10	1.000	1.348E+00	RPDFCLEPPYTGPCKARIIRYFYNAKAGLCQTFVYGGCRAKRNNFKSAEDCMRTCGGA
5pti.pdb	7qiq_D	1	1	1.689E-10	1.000	1.303E+00	RPDFCLEPPYTGPCARIIRYFYNAKAGLCQTFVYGGCRAKRNNFKSAEDCMRTCGGA
5pti.pdb	3btm_I	3	1	1.483E-10	1.000	1.293E+00	DFCLEPPYTGPCMARIIRYFYNAKAGLCQTFVYGGCRAKRNNFKSAEDCLRTCGGA
5pti.pdb	3btd_I	3	1	1.582E-10	1.000	1.308E+00	DFCLEPPYTGPCDARIIRYFYNAKAGLCQTFVYGGCRAKRNNFKSAEDCLRTCGGA
5pti.pdb	1bth_P	1	1	1.924E-10	1.000	1.441E+00	RPDFCLEPPYTGPCKARIIRYFYNAKAGLCQTFVYGGCRAKRNNFKSAEDCMRTCGGA
5pti.pdb	1k6u_A	1	1	2.053E-10	1.000	1.486E+00	RPDFCLEPPYAGACRARIIRYFYNAKAGLCQTFVYGGCRAKRNNFKSAEDCLRTCGGA
5pti.pdb	1p2m_D	1	1	2.191E-10	1.000	1.292E+00	RPDFCLEPPYTGPCGARIIRYFYNAKAGLCQTFVYGGCRAKRNNFKSAEDCLRTCGGA
5pti.pdb	4tpi_I	1	1	1.483E-10	1.000	1.293E+00	RPDFCLEPPYTGPCRARIIRYFYNAKAGLCQTFVYGGCRAKRNNFKSAEDCMRTCGGA
5pti.pdb	1t8m_D	1	1	2.338E-10	1.000	1.296E+00	RPDFCLEPPYTGPCHARIIRYFYNAKAGLCQTFVYGGCRAKRNNFKSAEDCLRTCGGA
5pti.pdb	1p2o_D	1	1	2.663E-10	1.000	1.280E+00	RPDFCLEPPYTGPCVARIIRYFYNAKAGLCQTFVYGGCRAKRNNFKSAEDCLRTCGGA
5pti.pdb	2hex_C	1	1	3.238E-10	1.000	4.738E-01	RPDFCLEPPYTGPCKARIIRYFYNAKAGLCQTFVYGGCRAKRNNFKSAEDCMRTCGG
5pti.pdb	1p2q_D	1	1	2.663E-10	1.000	1.294E+00	RPDFCLEPPYTGPCFARIIRYFYNAKAGLCQTFVYGGCRAKRNNFKSAEDCLRTCGGA
5pti.pdb	3p95_E	1	1	2.338E-10	1.000	1.066E+00	RPDFCLEPPYTGPCRADIIRYFYNAKAGLCQTFVYGGCRAKRNNFKSAEDCMRTCGGA
5pti.pdb	1cbw_D	1	1	2.663E-10	1.000	1.265E+00	RPDFCLEPPYTGPCKARIIRYFYNAKAGLCQTFVYGGCRAKRNNFKSAEDCMRTCGGA
5pti.pdb	1t8o_D	1	1	2.842E-10	1.000	1.288E+00	RPDFCLEPPYTGPCWARIIRYFYNAKAGLCQTFVYGGCRAKRNNFKSAEDCLRTCGGA
5pti.pdb	1bpt_A	1	1	5.106E-10	1.000	2.471E-01	RPDFCLEPPYTGPCKARIIRYFANAKAGLCQTFVYGGCRAKRNNFKSAEDCMRTCG
5pti.pdb	1aal_B	1	1	3.238E-10	1.000	5.714E-01	RPDFCLEPPYTGPCKARIIRYFYNAKAGLVQTFVYGGCRAKRNNFKSAEDAMRTCGG
5pti.pdb	1ejm_B	1	1	3.238E-10	1.000	1.151E+00	RPDFCLEPPYTGPCRLRIIRYFYNAKAGLCQTFVYGGCRAKRNNFKSAEDCLRTCGGA
5pti.pdb	1p2n_D	1	1	3.034E-10	1.000	1.288E+00	RPDFCLEPPYTGPCLARIIRYFYNAKAGLCQTFVYGGCRAKRNNFKSAEDCLRTCGGA
5pti.pdb	3btg_I	3	1	2.496E-10	1.000	1.297E+00	DFCLEPPYTGPCGARIIRYFYNAKAGLCQTFVYGGCRAKRNNFKSAEDCLRTCGGA
5pti.pdb	3bth_I	3	1	2.842E-10	1.000	1.283E+00	DFCLEPPYTGPCHARIIRYFYNAKAGLCQTFVYGGCRAKRNNFKSAEDCLRTCGGA
5pti.pdb	1t8n_D	1	1	3.688E-10	1.000	1.291E+00	RPDFCLEPPYTGPCTARIIRYFYNAKAGLCQTFVYGGCRAKRNNFKSAEDCLRTCGGA
5pti.pdb	3btt_I	3	1	3.238E-10	1.000	1.293E+00	DFCLEPPYTGPCTARIIRYFYNAKAGLCQTFVYGGCRAKRNNFKSAEDCLRTCGGA
5pti.pdb	3bte_I	3	1	3.455E-10	1.000	1.271E+00	DFCLEPPYTGPCEARIIRYFYNAKAGLCQTFVYGGCRAKRNNFKSAEDCLRTCGGA
5pti.pdb	3btf_I	3	1	3.455E-10	1.000	1.287E+00	DFCLEPPYTGPCFARIIRYFYNAKAGLCQTFVYGGCRAKRNNFKSAEDCLRTCGGA
5pti.pdb	7qit_H	1	1	3.936E-10	1.000	1.304E+00	RPDFCLEPPYTGPCARIIRYFYNAKAGLCQTFVYGGCRAKRNNFKSAEDCMRTCGGA
5pti.pdb	3btq_I	3	1	3.688E-10	1.000	1.303E+00	DFCLEPPYTGPCQARIIRYFYNAKAGLCQTFVYGGCRAKRNNFKSAEDCLRTCGGA
5pti.pdb	3btw_I	3	1	4.483E-10	1.000	1.275E+00	DFCLEPPYTGPCWARIIRYFYNAKAGLCQTFVYGGCRAKRNNFKSAEDCLRTCGGA
5pti.pdb	1t8l_D	1	2	5.816E-10	1.000	1.297E+00	MRPDFCLEPPYTGPCMARIIRYFYNAKAGLCQTFVYGGCRAKRNNFKSAEDCLRTCGGA
5pti.pdb	1p2k_I	1	1	2.338E-10	1.000	2.166E+00	RPDFCLEPPYTGPCVARIIRYFYNAKAGLCQTFVYGGCRAKRNNFKSAEDCLRTCGGA
5pti.pdb	1p2j_I	3	1	5.106E-10	1.000	1.344E+00	DFCLEPPYTGPCLARIIRYFYNAKAGLCQTFVYGGCRAKRNNFKSAEDCLRTCGGA
5pti.pdb	2hex_A	1	1	9.789E-10	1.000	4.095E-01	RPDFCLEPPYTGPCKARIIRYFYNAKAGLCQTFVYGGCRAKRNNFKSAEDCMRTCG
5pti.pdb	2kai_I	2	1	4.200E-10	1.000	6.558E+00	PDFCLEPPYTGPCKARIIRYFYNAKAGLCQTFVYGGCRAKRNNFKSAEDCMRTCGGA
5pti.pdb	5xx8_B	1	1	8.594E-10	1.000	1.151E+00	RPDFCLEPPYTGPGKARIIRYFYNAKAGLAQTFVYGGIRAKRNNFKSAEDALRTCGGA
5pti.pdb	3ldj_C	1	1	1.190E-09	1.000	4.000E-01	RPDFCLEPPYTGPCKARIIRYFYNAKAGLCQTFVYGGCRAKRNNFKSAEDCMRTCG
5pti.pdb	2ftm_B	1	1	2.842E-10	1.000	1.955E+00	RPDFCLEPPYTGPCKARIIRYFYNAKAGLCQTFVGGGCRAKRNNFKSAEDCMRTCGGA
5pti.pdb	7ph1_I	2	1	4.483E-10	1.000	1.602E+00	PDFCLEPPYTGPCARIIRYFYNAKAGLCQTFVYGGCRAKRNNFKSAEDCMRTCGGA
5pti.pdb	2fi5_I	1	1	3.688E-10	1.000	1.942E+00	RPDFCLEPPYTGPCKARIIRYFYNAKAGLCQTFVYGGSRAKRNNFKSAEDCMRTCGGA
5pti.pdb	2fi4_I	1	1	4.200E-10	1.000	1.950E+00	RPDFCLEPPYTGPSKARIIRYFYNAKAGLCQTFVYGGCRAKRNNFKSAEDCMRTCGGA
5pti.pdb	2fi3_I	1	1	4.784E-10	1.000	1.944E+00	RPDFCLEPPYTGPSKARIIRYFYNAKAGLCQTFVYGGSRAKRNNFKSAEDCMRTCGGA
5pti.pdb	1aal_A	1	1	1.190E-09	1.000	1.449E+00	RPDFCLEPPYTGPCKARIIRYFYNAKAGLVQTFVYGGCRAKRNNFKSAEDAMRTCGGA
5pti.pdb	2zvx_B	1	1	1.877E-09	1.000	6.592E-01	RPDFCLEPPYTGPGKARIIRYFYNAKAGLAQTFVYGGVRAKRNNFKSAEDALRTCGG
5pti.pdb	1nag_A	1	1	2.281E-09	1.000	4.868E-01	RPDFCLEPPYTGPCKARIIRYFYNAKAGLCQTFVYGGCRAKRGNFKSAEDCMRTCG
5pti.pdb	5xx2_B	1	1	2.281E-09	1.000	1.260E+00	RPDFCLEPPYTGPGKARIIRYFYNAKAGLAQTFVYGGLRAKRNNFKSAEDALRTCGGA
5pti.pdb	5xx4_B	1	1	2.003E-09	1.000	1.352E+00	RPDFCLEPPYTGPGKARIIRYFYNAKAGLAQTFVYGGKRAKRNNFKSAEDALRTCGGA
5pti.pdb	2zjx_B	1	1	3.159E-09	1.000	6.664E-01	RPDFCLEPPYTGPGKARIIRYFYNAKAGLAQTFVYGGARAKRNNFKSAEDALRTCGG
5pti.pdb	3ldj_B	1	1	2.598E-09	1.000	5.224E-01	RPDFCLEPPYTGPCKARIIRYFYNAKAGLCQTFVYGGCRAKRNNFKSAEDCMRTCG
5pti.pdb	2ra3_C	1	1	1.447E-09	1.000	8.532E-01	RPDFCLEPPYTGPCKARIIRYFYNAKAGLCQTFVYGGCRAKRNNFKSAEDCMRTCG
5pti.pdb	5yw1_I	1	1	2.598E-09	1.000	5.329E-01	RPDFCLEPPYTGPCKARMIRYFYNAKAGLCQPFVYGGCRAKRNNFKSSEDCMRTC
5pti.pdb	5yvu_I	1	1	4.098E-09	1.000	5.084E-01	RPDFCLEPPYTGPCKARIIRYFYNAKAGLCQTFVYGGCRAKRNNFKSAEDCMRTC
5pti.pdb	1pit_A	1	1	9.789E-10	1.000	1.451E+00	RPDFCLEPPYTGPCKARIIRYFYNAKAGLCQTFVYGGCRAKRNNFKSAEDCMRTCGGA
5pti.pdb	5xx3_B	1	1	4.668E-09	1.000	1.326E+00	RPDFCLEPPYTGPGKARIIRYFYNAKAGLAQTFVYGGGRAKRNNFKSAEDALRTCGGA
5pti.pdb	1pit_A	1	1	1.648E-09	1.000	1.579E+00	RPDFCLEPPYTGPCKARIIRYFYNAKAGLCQTFVYGGCRAKRNNFKSAEDCMRTCGGA
5pti.pdb	5xx4_A	1	1	6.463E-09	1.000	1.329E+00	RPDFCLEPPYTGPGKARIIRYFYNAKAGLAQTFVYGGKRAKRNNFKSAEDALRTCGGA
5pti.pdb	1eaw_B	1	1	9.550E-09	1.000	5.161E-01	RPDFCLEPPYTGPCKARIIRYFYNAKAGLCQTFVYGGCRAKRNNFKSAEDCMRTCG
5pti.pdb	1jv8_A	1	1	2.003E-09	1.000	9.023E-01	RPDFCLEPPYTGPCKARIIRYFYNAKAGLCQTFVYGACRAKRNNFKSAEDCMRTCGGA
5pti.pdb	1jv9_A	1	1	2.773E-09	1.000	9.011E-01	RPDFCLEPPYTGPCKARIIRYFYNAKAGLCQTFVYGACRAKRNNFKSAEDCMRTCGGA
5pti.pdb	1pit_A	1	1	2.003E-09	1.000	1.018E+00	RPDFCLEPPYTGPCKARIIRYFYNAKAGLCQTFVYGGCRAKRNNFKSAEDCMRTCGGA
5pti.pdb	1jv8_A	1	1	2.435E-09	1.000	9.713E-01	RPDFCLEPPYTGPCKARIIRYFYNAKAGLCQTFVYGACRAKRNNFKSAEDCMRTCGGA
5pti.pdb	1jv8_A	1	1	4.373E-09	1.000	9.688E-01	RPDFCLEPPYTGPCKARIIRYFYNAKAGLCQTFVYGACRAKRNNFKSAEDCMRTCGGA
5pti.pdb	1brb_I	7	3	1.019E-08	1.000	2.301E-01	AGEPPYTGPCKARIIRYFYNAKAGLCQTFVYGGCRAKRNNFKSAEDCMRTA
5pti.pdb	1jv8_A	1	1	3.159E-09	1.000	1.155E+00	RPDFCLEPPYTGPCKARIIRYFYNAKAGLCQTFVYGACRAKRNNFKSAEDCMRTCGGA
5pti.pdb	3aui_B	1	1	1.954E-08	1.000	7.066E-01	RPAFCLEPPYAGPGKARIIRYFYNAAAGAAQAFVYGGVRAKRNNFASAADALAACAA
5pti.pdb	1fak_I	1	1	2.887E-08	1.000	4.605E-01	APDFCLEPPYDGPCRALHLRYFYNAKAGLCQTFYYGGCLAKRNNFESAEDCMRTC
5pti.pdb	1pit_A	1	1	5.674E-09	1.000	1.125E+00	RPDFCLEPPYTGPCKARIIRYFYNAKAGLCQTFVYGGCRAKRNNFKSAEDCMRTCGGA
5pti.pdb	1jv8_A	1	1	4.373E-09	1.000	1.483E+00	RPDFCLEPPYTGPCKARIIRYFYNAKAGLCQTFVYGACRAKRNNFKSAEDCMRTCGGA
5pti.pdb	3wny_F	1	1	1.831E-08	1.000	9.264E+00	RPAFCLEPPYAGPGKARIIRYFYNAKAGAAQAFVYGGVRAKRNNFASAADALAACAA
5pti.pdb	1oa5_5	1	1	4.098E-09	1.000	1.336E+00	RPDFCLEPPYTGPCKARIIRYFYNAKAGLCQTFVYGGCRAKRNNFKSAEDCMRTCGGA
5pti.pdb	1pit_A	1	1	8.948E-09	1.000	1.643E+00	RPDFCLEPPYTGPCKARIIRYFYNAKAGLCQTFVYGGCRAKRNNFKSAEDCMRTCGGA
5pti.pdb	3wny_I	1	1	4.267E-08	1.000	4.941E-01	RPAFCLEPPYAGPGKARIIRYFYNAKAGAAQAFVYGGVRAKRNNFASAADALAACA
5pti.pdb	3auh_E	1	1	3.289E-08	1.000	6.116E-01	RPAFCLEPPYAGPGKARIIRYFYNAAAGAAQAFVYGGVRAKRNNFASAADALAACA
5pti.pdb	5jb5_A	1	1	4.554E-08	1.000	4.542E-01	RPAFCLEPPYAGPGAAAIIRYFYNAAAGAAQAFVYGGVAAKRNNFASAADALAACAA
5pti.pdb	1jv8_A	1	1	1.239E-08	1.000	1.171E+00	RPDFCLEPPYTGPCKARIIRYFYNAKAGLCQTFVYGACRAKRNNFKSAEDCMRTCGGA
5pti.pdb	1jv8_A	1	1	1.161E-08	1.000	8.919E-01	RPDFCLEPPYTGPCKARIIRYFYNAKAGLCQTFVYGACRAKRNNFKSAEDCMRTCGGA
5pti.pdb	3aud_B	1	1	4.860E-08	1.000	4.981E-01	RPAFCLEPPYAGPGKARIIRYFYNAAAGAAQTFVYGGVRAKRNNFASAADALAACA
5pti.pdb	8pti_A	1	1	4.373E-09	1.000	1.818E+00	RPDFCLEPPYTGPCKARIIRYFYNAKAGLCQTFVGGGCRAKRNNFKSAEDCMRTCGGA
5pti.pdb	3auc_A	1	1	5.908E-08	1.000	5.351E-01	RPAFCLEPPYAGPGKARIIRYFYNAAAGAAQTFVYGGVRAKRNNFASAADALAACAAA
5pti.pdb	1jv8_A	1	1	1.322E-08	1.000	9.423E-01	RPDFCLEPPYTGPCKARIIRYFYNAKAGLCQTFVYGACRAKRNNFKSAEDCMRTCGGA
5pti.pdb	1jv8_A	1	1	8.385E-09	1.000	1.628E+00	RPDFCLEPPYTGPCKARIIRYFYNAKAGLCQTFVYGACRAKRNNFKSAEDCMRTCGGA
5pti.pdb	1pit_A	1	1	1.019E-08	1.000	1.347E+00	RPDFCLEPPYTGPCKARIIRYFYNAKAGLCQTFVYGGCRAKRNNFKSAEDCMRTCGGA
5pti.pdb	5jb4_C	1	1	6.729E-08	1.000	1.382E+00	RPAFCLEPPYAGPGAAAIIRYFYNAAAGAAQAFVYGGVRAKRNNFASAADALAACAAA
5pti.pdb	3ci7_B	1	1	7.665E-08	1.000	5.301E-01	RPAFCLEPPYAGPGKARIIRYFYNAAAGAAQAFVYGGARAKRNNFASAADALAACA
5pti.pdb	3aue_H	1	1	4.860E-08	1.000	2.226E+00	RPAFCLEPPYAGPGKARIIRYFYNAAAGAAQAFVYGGVRAKRNNFASAADALAACAAAGGHHH
5pti.pdb	1ld5_A	1	1	2.887E-08	1.000	1.689E+00	RPDFCLEPPYTGPCRVRIIRYFYNAKAGLCQTFVYGGCRAKRNNFKSAEDCLRTCGGA
5pti.pdb	5jb5_B	1	1	1.209E-07	1.000	1.680E+00	RPAFCLEPPYAGPGAAAIIRYFYNAAAGAAQAFVYGGVAAKRNNFASAADALAACAAA
5pti.pdb	1ld5_A	1	1	2.375E-08	1.000	2.078E+00	RPDFCLEPPYTGPCRVRIIRYFYNAKAGLCQTFVYGGCRAKRNNFKSAEDCLRTCGGA
5pti.pdb	1ld5_A	1	1	3.289E-08	1.000	1.525E+00	RPDFCLEPPYTGPCRVRIIRYFYNAKAGLCQTFVYGGCRAKRNNFKSAEDCLRTCGGA
5pti.pdb	5jb6_B	1	1	2.317E-07	1.000	4.932E-01	RPAFCLEAPYAGPGAAAIIRYFYNAAAGAAQAFVYGGVAAKRNNFASAADALAACAA
5pti.pdb	3aue_G	1	1	2.035E-07	1.000	5.914E-01	RPAFCLEPPYAGPGKARIIRYFYNAAAGAAQAFVYGGVRAKRNNFASAADALAACA
5pti.pdb	5jb7_C	1	1	3.424E-07	1.000	1.391E+00	RPAFCLEAPYAGPGAAAIIRYFYNAAAGAAQAFVYGGVAAKRNNFASAAAALAACAAA
5pti.pdb	1ld5_A	1	1	9.317E-08	1.000	1.673E+00	RPDFCLEPPYTGPCRVRIIRYFYNAKAGLCQTFVYGGCRAKRNNFKSAEDCLRTCGGA
5pti.pdb	1ylc_B	1	1	2.171E-07	1.000	6.701E-01	RPDFLEPPYTGPCKARIIRYFYNAKAGLQTFVYGGCRAKRNNFKSAEDMRTG
5pti.pdb	1uua_A	5	3	7.856E-09	1.000	1.662E+00	DFCLEPPYTGPCKARIIRYFYNAKAGLCQTFVYGGCRAKRNNFKSAEDCMRTCGGA
5pti.pdb	1yld_B	1	1	3.209E-07	1.000	8.304E-01	RPDFLEPPYTGPCKARIIRYFYNAPDGLQTFVYGGCRAKRNNFKSAEDMRTG
5pti.pdb	1zjd_B	5	3	1.179E-06	1.000	1.084E+00	EVCSEQAETGPCRAMISRWYFDVTEGKCAPFFYGGCGGNRNNFDTEEYCMAVCGSAI
5pti.pdb	5c67_C	5	3	1.179E-06	1.000	7.409E-01	EVCSEQAETGPCRAGFSRWYFDVTEGKCAPFVYGGCGGNRNNFDTEEYCMAVC
5pti.pdb	6gfi_C	5	4	1.860E-06	1.000	6.746E-01	VEVCSEQAEVGPCRARFSRWYFDVTEGKCAPFVYGGCGGNRNNFDTEEYCMAVCGS
5pti.pdb	3uir_D	1	1	2.118E-06	1.000	9.136E-01	RPDFCELPADTGPCRVRFPSFYYNPDEKKCLEFIYGGCEGNANNFITKEECESTCAA
5pti.pdb	1uua_A	3	1	3.998E-08	1.000	2.002E+00	DFCLEPPYTGPCKARIIRYFYNAKAGLCQTFVYGGCRAKRNNFKSAEDCMRTCGGA
5pti.pdb	1uua_A	5	3	1.674E-07	1.000	1.941E+00	DFCLEPPYTGPCKARIIRYFYNAKAGLCQTFVYGGCRAKRNNFKSAEDCMRTCGGA
5pti.pdb	1uua_A	5	3	1.209E-07	1.000	1.955E+00	DFCLEPPYTGPCKARIIRYFYNAKAGLCQTFVYGGCRAKRNNFKSAEDCMRTCGGA
5pti.pdb	2ody_F	1	2	4.061E-06	1.000	8.282E-01	QRNGFCRLPADEGICKALIPRFYFNTETGKCTMFSYGGCGGNENNFETIEECQKACGAPERVNDFESADFKTGCEPAADSGSCAGQLERWFYNVQSGECETFVYGGCGGNDNNYESEEECELVCKNM
5pti.pdb	1aap_A	5	5	4.061E-06	1.000	6.790E-01	VREVCSEQAETGPCRAMISRWYFDVTEGKCAPFFYGGCGGNRNNFDTEEYCMAVCG
5pti.pdb	3fp7_J	16	1	7.478E-07	1.000	1.310E+00	ARIIRYFYNAKAGLCQTFVYGGCRAKRNNFKSAEDCMRTCGGA
5pti.pdb	3l33_F	5	2	3.566E-06	1.000	7.356E-01	VCSEQAETGPCRAMISRWYFDVTEGKCAPFFYGGCGGNRNNFDTEEYCMAVC
5pti.pdb	4dtg_K	1	2	4.061E-06	1.000	1.596E+00	EKPDFCFLEEDPGICRGYITRYFYNNQTKQCERFKYGGCLGNMNNFETLEECKNICEDGH
5pti.pdb	1co7_I	9	1	2.933E-06	1.000	3.040E-01	PYTGPCKARIIRYFYNLCQTFVYGGCRAKRNNFKSAEDCMR
5pti.pdb	1uua_A	3	1	2.171E-07	1.000	1.659E+00	DFCLEPPYTGPCKARIIRYFYNAKAGLCQTFVYGGCRAKRNNFKSAEDCMRTCGGA
5pti.pdb	5zj3_C	1	1	4.937E-06	1.000	9.503E-01	RPDFCELPADTGPCRVRFPSFYYNPDEKKCLEFIYGGCEGNANNFITKEECESTCA
5pti.pdb	1tfx_D	1	1	3.566E-06	1.000	1.272E+00	KPDFCFLEEDPGICRGYITRYFYNNQTKQCERFKYGGCLGNMNNFETLEECKNICEDG
5pti.pdb	1uua_A	3	1	1.674E-07	1.000	2.286E+00	DFCLEPPYTGPCKARIIRYFYNAKAGLCQTFVYGGCRAKRNNFKSAEDCMRTCGGA
5pti.pdb	5m4v_A	1	1	4.626E-06	1.000	1.080E+00	RPSFCNLPVKPGPCKAFFSAFYYSQKTNKCHSFTYGGCKGNANRFSTLEKCRRTCVG
5pti.pdb	1uua_A	5	3	2.317E-07	1.000	1.774E+00	DFCLEPPYTGPCKARIIRYFYNAKAGLCQTFVYGGCRAKRNNFKSAEDCMRTCGGA
5pti.pdb	3l33_G	5	2	6.405E-06	1.000	8.293E-01	VCSEQAETGPCRAMISRWYFDVTEGKCAPFFYGGCGGNRNNFDTEEYCMAVC
5pti.pdb	5nx3_C	5	3	1.010E-05	1.000	6.144E-01	EVCSEQAETGPCRALFFRWYFDVTEGKCAPFVYGGCGGNRNNFDTEEYCMAVC
5pti.pdb	1brc_I	3	3	1.151E-05	1.000	7.876E-01	VREVCSEQAETGPCRAMISRWYFDVTEGKCAPFFYGGCGGNRNNFDTEEYCMAVCG
5pti.pdb	4bqd_B	4	11	8.309E-06	1.000	1.154E+00	ELPPLKLMHSFCAFKADDGPCKAIMKRFFFNIFTRQCEEFIYGGCEGNQNRFESLEECKKMCTRD
5pti.pdb	5zj3_A	1	1	1.310E-05	1.000	8.233E-01	RPDFCELPADTGPCRVRFPSFYYNPDEKKCLEFIYGGCEGNANNFITKEECESTCA
5pti.pdb	4bqd_A	4	24	8.309E-06	1.000	1.356E+00	SEEDEEHTIITDTELPPLKLMHSFCAFKADDGPCKAIMKRFFFNIFTRQCEEFIYGGCEGNQNRFESLEECKKMCTRD
5pti.pdb	1taw_B	5	3	1.151E-05	1.000	7.118E-01	EVCSEQAETGPCRAMISRWYFDVTEGKCAPFFYGGCGGNRNNFDTEEYCMAVCG
5pti.pdb	4bd9_B	1	111	1.310E-05	1.000	7.592E-01	ISVCDLPADRGQCTAYIPQWFFAKTTEDCEKFVYGGCQGNANRFETKDDCIANCGCNLPSKVGPCRVSARMWFHNPETEKCEVFIYGGCHGNANRFATETECQEVCDRYQKPGFCYQPSETGPCKGSFPRYYYDYEDGECKEFIYGGCEGNANNFETKESCENAC
5pti.pdb	1uua_A	3	1	3.424E-07	1.000	2.162E+00	DFCLEPPYTGPCKARIIRYFYNAKAGLCQTFVYGGCRAKRNNFKSAEDCMRTCGGA
5pti.pdb	1ld6_A	1	1	2.473E-07	1.000	2.711E+00	RPDFCLEPPYAGACRAAAARYFYNAKAGLCQTFAYGACAAKRNNFKSAEDCLRTCGGA
5pti.pdb	4u32_X	3	2	1.310E-05	1.000	9.998E-01	HDFCLVSKVVGRCRASMPRWWYNVTDGSCQLFVYGGCDGNSNNYLTKEECLKKC
5pti.pdb	3l3t_H	5	3	1.010E-05	1.000	1.199E+00	EVCSEQAETGPCKAMISRWYFDVTEGKCAPFFYGGCGGNRNNFDTEEYCMAVCGSAI
5pti.pdb	6yhy_A	1	2	1.593E-05	1.000	9.231E-01	DRPSYCNLPADSGSGTKSEQRIYYNSARKQCLTFTYNGQGGNENNFRRTYDCRRTCQYP
5pti.pdb	6har_E	5	3	1.151E-05	1.000	8.539E-01	EVCSEQAETGPCRACFSRWYFDVTEGKCAPFCYGGCGGNRNNFDTEEYCMAVCG
5pti.pdb	1ld6_A	1	1	3.424E-07	1.000	3.045E+00	RPDFCLEPPYAGACRAAAARYFYNAKAGLCQTFAYGACAAKRNNFKSAEDCLRTCGGA
5pti.pdb	1uua_A	3	1	3.209E-07	1.000	2.519E+00	DFCLEPPYTGPCKARIIRYFYNAKAGLCQTFVYGGCRAKRNNFKSAEDCMRTCGGA
5pti.pdb	1uua_A	3	1	1.906E-07	1.000	2.530E+00	DFCLEPPYTGPCKARIIRYFYNAKAGLCQTFVYGGCRAKRNNFKSAEDCMRTCGGA
5pti.pdb	1zr0_D	3	7	1.593E-05	1.000	7.760E-01	PTGNNAEICLLPLDYGPCRALLLRYYYDRYTQSCRQFLYGGCEGNANNFYTWEACDDACWRIE
5pti.pdb	1uua_A	3	1	3.900E-07	1.000	2.270E+00	DFCLEPPYTGPCKARIIRYFYNAKAGLCQTFVYGGCRAKRNNFKSAEDCMRTCGGA
5pti.pdb	1uua_A	5	3	2.473E-07	1.000	2.512E+00	DFCLEPPYTGPCKARIIRYFYNAKAGLCQTFVYGGCRAKRNNFKSAEDCMRTCGGA
5pti.pdb	5zj3_B	1	3	2.354E-05	1.000	8.989E-01	KDRPDFCELPADTGPCRVRFPSFYYNPDEKKCLEFIYGGCEGNANNFITKEECESTCA
5pti.pdb	6yhy_B	1	2	2.354E-05	1.000	8.854E-01	DRPSYCNLPADSGSGTKSEQRIYYNSARKQCLTFTYNGQGGNENNFRRTYDCRRTCQYP
5pti.pdb	1uua_A	5	3	2.640E-07	1.000	2.409E+00	DFCLEPPYTGPCKARIIRYFYNAKAGLCQTFVYGGCRAKRNNFKSAEDCMRTCGGA
5pti.pdb	3m7q_B	5	7	1.593E-05	1.000	9.296E-01	EAEASICSEPKKVGRCKGYFPRFYFDSETGKCTPFIYGGCGGNGNNFETLHQCRAICRALG
5pti.pdb	1uua_A	3	1	3.006E-07	1.000	2.758E+00	DFCLEPPYTGPCKARIIRYFYNAKAGLCQTFVYGGCRAKRNNFKSAEDCMRTCGGA
5pti.pdb	1uua_A	5	3	4.741E-07	1.000	2.386E+00	DFCLEPPYTGPCKARIIRYFYNAKAGLCQTFVYGGCRAKRNNFKSAEDCMRTCGGA
5pti.pdb	1ld6_A	1	1	3.655E-07	1.000	2.995E+00	RPDFCLEPPYAGACRAAAARYFYNAKAGLCQTFAYGACAAKRNNFKSAEDCLRTCGGA
5pti.pdb	1bik_A	5	2	3.962E-05	1.000	6.005E-01	SCQLGYSAGPCMGMTSRYFYNGTSMACETFQYGGCMGNGNNFVTEKECLQTCRTVAACNLPIVRGPCRAFIQLWAFDAVKGKCVLFPYGGCQGNGNKFYSEKECREYCGV
5pti.pdb	6bx8_D	4	2	2.681E-05	1.000	8.150E-01	SFCAFKADDGPCRACMKRFFFNIFTRQCEEFCYGGCEGNQNRFESLEECKKMC
5pti.pdb	1uua_A	3	1	3.900E-07	1.000	2.500E+00	DFCLEPPYTGPCKARIIRYFYNAKAGLCQTFVYGGCRAKRNNFKSAEDCMRTCGGA
5pti.pdb	1ld6_A	1	1	3.655E-07	1.000	2.961E+00	RPDFCLEPPYAGACRAAAARYFYNAKAGLCQTFAYGACAAKRNNFKSAEDCLRTCGGA
5pti.pdb	6zoi_C	1	2	4.816E-05	1.000	7.788E-01	DRPSYCNLPADSGSGTKSEQRIYYNSARKQCLTFTYNGKGGNENNFIHTYDCARTCQYPA
5pti.pdb	6q6c_A	1	1	5.486E-05	1.000	7.391E-01	RPSLCDLPADSGSGTKAEKRIYYNSARKQCLRFDYTGQGGNENNFRRTYDCQDTCLYT
5pti.pdb	3l33_H	5	2	2.862E-05	1.000	8.390E-01	VCSEQAETGPCRAMISRWYFDVTEGKCAPFFYGGCGGNRNNFDTEEYCMAVC
5pti.pdb	4iso_B	4	5	5.140E-05	1.000	8.466E-01	QTEDYCLASNKVGRCRGSFPRWYYDPTEQICKSFVYGGCLGNKNNYLREEECILACRGVQ
5pti.pdb	1uua_A	3	1	1.985E-06	1.000	2.186E+00	DFCLEPPYTGPCKARIIRYFYNAKAGLCQTFVYGGCRAKRNNFKSAEDCMRTCGGA
5pti.pdb	1dtk_A	1	1	1.310E-05	1.000	1.546E+00	AAKYCKLPLRIGPCKRKIPSFYYKWKAKQCLPFDYSGCGGNANRFKTIEECRRTCVG
5pti.pdb	1y62_B	1	1	5.855E-05	1.000	9.056E-01	RPSLCDLPADSGSGTKAEKRIYYNSARKQCLRFDYTGQGGNENNFRRTYDCQRTCL
5pti.pdb	6yht_A	1	1	7.117E-05	1.000	8.113E-01	LPSLCYEPADSGSGTKSEKRIYYNSARKQCLRFTYNGKGGNANNFIHTFDCQHTCL
5pti.pdb	2ddj_A	5	10	2.354E-05	1.000	9.973E-01	EAEAEFTDACVLPAVQGPCRGWEPRWAYSPLLQQCHPFVYGGCEGNGNNFHSRESCEDACPVVDHHHHHH
5pti.pdb	1ld6_A	1	1	1.743E-06	1.000	2.792E+00	RPDFCLEPPYAGACRAAAARYFYNAKAGLCQTFAYGACAAKRNNFKSAEDCLRTCGGA
5pti.pdb	3t62_D	5	3	4.513E-05	1.000	9.767E-01	SICSEPKKVGRCKGYFPRFYFDSETGKCTPFIYGGCGGNGNNFETLHQCRAICR
5pti.pdb	5nmv_K	3	10	6.249E-05	1.000	9.719E-01	ELPPLKLMHSFCAFKADDGPCKAIMKRFFFNIFTRQCEEFIYGGCEGNQNRFESLEECKKMCT
5pti.pdb	6a5i_A	1	3	3.712E-05	1.000	1.102E+00	EDRPKFCYLPDDPGVCKAHIPRFYYNPASNKCKEFIYGGCGGNANNFETRAECRHTCVASRKGGPRRP
5pti.pdb	6zoi_F	1	2	9.234E-05	1.000	9.294E-01	DRPSYCNLPADSGSGTKSEQRIYYNSARKQCLTFTYNGKGGNENNFIHTYDCARTCQYPA
5pti.pdb	6q61_A	1	2	1.278E-04	1.000	8.261E-01	DRPSLCDLPADSGSGTKAEKRIYYNSARKQCLRFDYTGQGGNENNFRRTYDCARTCLYT
5pti.pdb	6a5i_A	1	3	4.513E-05	1.000	1.790E+00	EDRPKFCYLPDDPGVCKAHIPRFYYNPASNKCKEFIYGGCGGNANNFETRAECRHTCVASRKGGPRRP
5pti.pdb	5ezd_B	4	65	1.198E-04	1.000	8.555E-01	KRGIDLKVQPQEPLVLWRLLRGDTDVRVERQVELWGLKEGTYLFQLTVTANVTVTVLSTKQTEDYCLASNKVGRCRGSFPRWYYDPTEQICKSFVYGGCLGNKNNYLREEECILACRGVD
5pti.pdb	6q6c_B	1	2	1.456E-04	1.000	9.423E-01	DRPSLCDLPADSGSGTKAEKRIYYNSARKQCLRFDYTGQGGNENNFRRTYDCQDTCLYT
5pti.pdb	6a5i_A	1	3	5.486E-05	1.000	1.355E+00	EDRPKFCYLPDDPGVCKAHIPRFYYNPASNKCKEFIYGGCGGNANNFETRAECRHTCVASRKGGPRRP
5pti.pdb	1knt_A	2	1	1.052E-04	1.000	1.134E+00	TDICKLPKDEGTCRDFILKWYYDPNTKSCARFWYGGCGGNENKFGSQKECEKVCA
5pti.pdb	1dtk_A	1	1	4.513E-05	1.000	1.616E+00	AAKYCKLPLRIGPCKRKIPSFYYKWKAKQCLPFDYSGCGGNANRFKTIEECRRTCVG
5pti.pdb	1dtk_A	1	1	5.855E-05	1.000	1.439E+00	AAKYCKLPLRIGPCKRKIPSFYYKWKAKQCLPFDYSGCGGNANRFKTIEECRRTCVG
5pti.pdb	1dtx_A	1	3	1.278E-04	1.000	1.190E+00	EPRRKLCILHRNPGRCYDKIPAFYYNQKKKQCERFDWSGCGGNSNRFKTIEECRRTCIG
5pti.pdb	5yv7_A	2	4	1.456E-04	1.000	9.214E-01	WQPPWYCKEPVRIGSCKKQFSSFYFKWTAKKCLPFLFSGCGGNANRFQTIGECRKKCLGK
5pti.pdb	1yc0_I	3	11	1.554E-04	1.000	1.519E+00	QHQHQMHQTEDYCLASNKVGRCRGSFPRWYYDPTEQICKSFVYGGCLGNKNNYLREEECILACRGV
5pti.pdb	2ddi_A	5	10	1.052E-04	1.000	9.333E-01	EAEAEFTDACVLPAVQGPCRGWEPRWAYSPLLQQCHPFVYGGCEGNGNNFHSRESCEDACPVVDHHHHHH
5pti.pdb	2ddj_A	5	10	8.107E-05	1.000	1.069E+00	EAEAEFTDACVLPAVQGPCRGWEPRWAYSPLLQQCHPFVYGGCEGNGNNFHSRESCEDACPVVDHHHHHH
5pti.pdb	4u30_X	5	3	1.198E-04	1.000	1.120E+00	ACANLPIVRGPCRAFIQLWAFDAVKGKCVLFPYGGCQGNGNKFYSEKECREYCG
5pti.pdb	6a5i_A	1	3	6.249E-05	1.000	2.022E+00	EDRPKFCYLPDDPGVCKAHIPRFYYNPASNKCKEFIYGGCGGNANNFETRAECRHTCVASRKGGPRRP
5pti.pdb	3uou_B	5	3	1.364E-04	1.000	1.040E+00	SICSEPKKVGRCLGYFPRFYFDSETGKCTPFIYGGCGGNGNNFETLHQCRAICR
5pti.pdb	6a5i_A	1	3	9.234E-05	1.000	1.727E+00	EDRPKFCYLPDDPGVCKAHIPRFYYNPASNKCKEFIYGGCGGNANNFETRAECRHTCVASRKGGPRRP
5pti.pdb	1dtk_A	1	1	1.554E-04	1.000	1.419E+00	AAKYCKLPLRIGPCKRKIPSFYYKWKAKQCLPFDYSGCGGNANRFKTIEECRRTCVG
5pti.pdb	2ca7_A	1	3	2.016E-04	1.000	1.034E+00	KDRPSLCDLPADSGSGTKAEKRIYYNSARKQCLRFDYTGQGGNENNFRRTYDCQRTCLYT
5pti.pdb	7v1n_K	1	2	1.278E-04	1.000	1.611E+00	EKPDFCFLEEDPGICRGYITRYFYNNQTKQCERFKYGGCLGNMNNFETLEECKNICEDG
5pti.pdb	2ca7_A	1	3	2.451E-04	1.000	1.103E+00	KDRPSLCDLPADSGSGTKAEKRIYYNSARKQCLRFDYTGQGGNENNFRRTYDCQRTCLYT
5pti.pdb	5h7v_A	5	270	2.297E-04	1.000	9.447E-01	PAGADCLNSFTAGVPGFVLDTNASVSNGATFLESPTVRRGWDCVRACCTTQNCNLALVELQPDRGEDAIAACFLINCLYEQNFVCKFAPREGFINYLTREVYRSYRQLRTWAGIDLKVQPQEPLVLKDVENTDWRLLRGDTDVRVERKDPNQVELWGLKEGTYLFQLTVDTANVTVTVLSTKQTEDYCLASNKVGRCRGSFPRWYYDPTEQICKSFVYGGCLGNKNNYLREEECILACRGVQGPSAACEKYTSGFDELQRIHFPSDKGHCVDLPDTGLCKESIPRWYYNPFSEHCARFTYGGCYGNKNNFEEEQQCLESC
5pti.pdb	1shp_A	5	3	2.451E-04	1.000	1.043E+00	SICSEPKKVGRCKGYFPRFYFDSETGKCTPFIYGGCGGNGNNFETLHQCRAICRA
5pti.pdb	2ddi_A	1	6	1.659E-04	1.000	1.966E+00	EAEAEFTDACVLPAVQGPCRGWEPRWAYSPLLQQCHPFVYGGCEGNGNNFHSRESCEDACPVVDHHHHHH
5pti.pdb	5nx1_D	16	1	1.659E-04	1.000	7.812E-01	AMISRWYFDVTEGKCAPFFYGGCGGNRNNFDTEEYCMAVCGS
5pti.pdb	1shp_A	5	3	2.016E-04	1.000	1.258E+00	SICSEPKKVGRCKGYFPRFYFDSETGKCTPFIYGGCGGNGNNFETLHQCRAICRA
5pti.pdb	1shp_A	5	3	1.659E-04	1.000	1.428E+00	SICSEPKKVGRCKGYFPRFYFDSETGKCTPFIYGGCGGNGNNFETLHQCRAICRA
5pti.pdb	1adz_A	1	10	1.659E-04	1.000	1.351E+00	DYKDDDDKLKPDFCFLEEDPGICRGYITRYFYNNQTKQCERFKYGGCLGNMNNFETLEECKNICEDGPNGF
5pti.pdb	2ddi_A	1	6	2.979E-04	1.000	1.745E+00	EAEAEFTDACVLPAVQGPCRGWEPRWAYSPLLQQCHPFVYGGCEGNGNNFHSRESCEDACPVVDHHHHHH
5pti.pdb	2m99_A	1	1	1.659E-04	1.000	1.490E+00	RPRFCELAPSAGSCFAFVPSYYYNQYSNTCHSFTYSGCGGNANRFRTIDECNRTCVG
5pti.pdb	1shp_A	5	3	2.616E-04	1.000	1.352E+00	SICSEPKKVGRCKGYFPRFYFDSETGKCTPFIYGGCGGNGNNFETLHQCRAICRA
5pti.pdb	1kun_A	3	3	3.180E-04	1.000	1.155E+00	ETDICKLPKDEGTCRDFILKWYYDPNTKSCARFWYGGCGGNENKFGSQKECEKVCAPV
5pti.pdb	1kun_A	3	3	3.180E-04	1.000	1.576E+00	ETDICKLPKDEGTCRDFILKWYYDPNTKSCARFWYGGCGGNENKFGSQKECEKVCAPV
5pti.pdb	4nty_B	1	3	9.854E-05	1.000	2.105E+00	EIRPAFCYEDPPFFQKCGAFVDSYYFNRSRITCVHFFYGQCDVNQNHFTTMSECNRVCHG
5pti.pdb	6a5i_A	1	3	4.403E-04	1.000	1.252E+00	EDRPKFCYLPDDPGVCKAHIPRFYYNPASNKCKEFIYGGCGGNANNFETRAECRHTCVASRKGGPRRP
5pti.pdb	1adz_A	1	10	2.792E-04	1.000	1.253E+00	DYKDDDDKLKPDFCFLEEDPGICRGYITRYFYNNQTKQCERFKYGGCLGNMNNFETLEECKNICEDGPNGF
5pti.pdb	1kun_A	1	1	2.451E-04	1.000	2.215E+00	ETDICKLPKDEGTCRDFILKWYYDPNTKSCARFWYGGCGGNENKFGSQKECEKVCAPV
5pti.pdb	1adz_A	1	10	2.979E-04	1.000	1.295E+00	DYKDDDDKLKPDFCFLEEDPGICRGYITRYFYNNQTKQCERFKYGGCLGNMNNFETLEECKNICEDGPNGF
5pti.pdb	1kun_A	3	3	3.865E-04	1.000	1.107E+00	ETDICKLPKDEGTCRDFILKWYYDPNTKSCARFWYGGCGGNENKFGSQKECEKVCAPV
5pti.pdb	1bun_B	5	7	2.979E-04	1.000	1.484E+00	RKRHPDCDKPPDTKICQTVVRAFYYKPSAKRCVQFRYGGCNGNGNHFKSDHLCRCECLEYR
5pti.pdb	1shp_A	5	3	4.125E-04	1.000	1.401E+00	SICSEPKKVGRCKGYFPRFYFDSETGKCTPFIYGGCGGNGNNFETLHQCRAICRA
5pti.pdb	1shp_A	5	3	5.712E-04	1.000	1.179E+00	SICSEPKKVGRCKGYFPRFYFDSETGKCTPFIYGGCGGNGNNFETLHQCRAICRA
5pti.pdb	1adz_A	2	11	3.394E-04	1.000	1.340E+00	DYKDDDDKLKPDFCFLEEDPGICRGYITRYFYNNQTKQCERFKYGGCLGNMNNFETLEECKNICEDGPNGF
5pti.pdb	1adz_A	1	10	5.015E-04	1.000	1.189E+00	DYKDDDDKLKPDFCFLEEDPGICRGYITRYFYNNQTKQCERFKYGGCLGNMNNFETLEECKNICEDGPNGF
5pti.pdb	6kzf_A	5	6	7.909E-04	1.000	1.029E+00	WQPPWYKEPVRIGSCKKQFSSFYFKWTAKKCLPFLFSGCGGNANRFQTIGECRKKCLGK
5pti.pdb	1uub_A	5	3	1.399E-05	1.000	3.061E+00	DFCLEPPYTGPCRAAIIRYFYNAKAGLCQTFVYGGCRAKSNNFKSAEDCMRTCGGA
5pti.pdb	1kun_A	1	1	4.125E-04	1.000	2.054E+00	ETDICKLPKDEGTCRDFILKWYYDPNTKSCARFWYGGCGGNENKFGSQKECEKVCAPV
5pti.pdb	1adz_A	1	10	6.506E-04	1.000	1.201E+00	DYKDDDDKLKPDFCFLEEDPGICRGYITRYFYNNQTKQCERFKYGGCLGNMNNFETLEECKNICEDGPNGF
5pti.pdb	1kun_A	3	3	7.411E-04	1.000	1.167E+00	ETDICKLPKDEGTCRDFILKWYYDPNTKSCARFWYGGCGGNENKFGSQKECEKVCAPV
5pti.pdb	2ca7_A	1	3	7.411E-04	1.000	1.266E+00	KDRPSLCDLPADSGSGTKAEKRIYYNSARKQCLRFDYTGQGGNENNFRRTYDCQRTCLYT
5pti.pdb	1kun_A	3	3	6.096E-04	1.000	1.329E+00	ETDICKLPKDEGTCRDFILKWYYDPNTKSCARFWYGGCGGNENKFGSQKECEKVCAPV
5pti.pdb	1kun_A	3	3	6.096E-04	1.000	1.363E+00	ETDICKLPKDEGTCRDFILKWYYDPNTKSCARFWYGGCGGNENKFGSQKECEKVCAPV
5pti.pdb	2ca7_A	1	3	9.614E-04	1.000	1.292E+00	KDRPSLCDLPADSGSGTKAEKRIYYNSARKQCLRFDYTGQGGNENNFRRTYDCQRTCLYT
5pti.pdb	1dtk_A	4	4	1.095E-03	1.000	1.412E+00	AAKYCKLPLRIGPCKRKIPSFYYKWKAKQCLPFDYSGCGGNANRFKTIEECRRTCVG
5pti.pdb	2m99_A	1	1	5.352E-04	1.000	1.526E+00	RPRFCELAPSAGSCFAFVPSYYYNQYSNTCHSFTYSGCGGNANRFRTIDECNRTCVG
5pti.pdb	1kun_A	1	1	3.622E-04	1.000	2.149E+00	ETDICKLPKDEGTCRDFILKWYYDPNTKSCARFWYGGCGGNENKFGSQKECEKVCAPV
5pti.pdb	1adz_A	1	10	1.026E-03	1.000	1.169E+00	DYKDDDDKLKPDFCFLEEDPGICRGYITRYFYNNQTKQCERFKYGGCLGNMNNFETLEECKNICEDGPNGF
5pti.pdb	2ca7_A	1	3	1.169E-03	1.000	1.249E+00	KDRPSLCDLPADSGSGTKAEKRIYYNSARKQCLRFDYTGQGGNENNFRRTYDCQRTCLYT
5pti.pdb	1den_A	2	4	9.614E-04	1.000	1.357E+00	QPLRKLCILHRNPGRCYQKIPAFYYNQKKKQCEGFTWSGCGGNSNRFKTIEECRRTCIRK
5pti.pdb	1jc6_A	1	3	4.403E-04	1.000	1.606E+00	KNRPTFCNLLPETGRCNALIPAFYYNSHLHKCQKFNYGGCGGNANNFKTIDECQRTCAAKYGRSS
5pti.pdb	2jot_A	3	2	4.403E-04	1.000	1.786E+00	IDTCRLPSDRGRCKASFERWYFNGRTCAKFIYGGCGGNGNKFPTQEACMKRCAKA
5pti.pdb	1uub_A	5	3	4.229E-05	1.000	2.541E+00	DFCLEPPYTGPCRAAIIRYFYNAKAGLCQTFVYGGCRAKSNNFKSAEDCMRTCGGA
5pti.pdb	1uub_A	5	3	2.862E-05	1.000	3.428E+00	DFCLEPPYTGPCRAAIIRYFYNAKAGLCQTFVYGGCRAKSNNFKSAEDCMRTCGGA
5pti.pdb	1kun_A	3	3	1.026E-03	1.000	1.592E+00	ETDICKLPKDEGTCRDFILKWYYDPNTKSCARFWYGGCGGNENKFGSQKECEKVCAPV
5pti.pdb	1irh_A	2	5	1.095E-03	1.000	1.306E+00	EFHGPSWCLTPADRGLCRANENRFYYNSVIGKCRPFKYSGCGGNENNFTSKQECLRACKKG
5pti.pdb	5nx3_D	16	1	1.095E-03	1.000	8.901E-01	ALFFRWYFDVTEGKCAPFVYGGCGGNRNNFDTEEYCMAVCGS
5pti.pdb	2jot_A	3	2	3.622E-04	1.000	1.924E+00	IDTCRLPSDRGRCKASFERWYFNGRTCAKFIYGGCGGNGNKFPTQEACMKRCAKA
5pti.pdb	2m99_A	1	1	9.614E-04	1.000	1.528E+00	RPRFCELAPSAGSCFAFVPSYYYNQYSNTCHSFTYSGCGGNANRFRTIDECNRTCVG
5pti.pdb	8aj7_B	3	5	7.909E-04	1.000	1.729E+00	ANSKAVCNLPKLAGDETCSNKTEIRWYYNGTACEAFIFKGCGGNDNNFDRVDDCQRLC
5pti.pdb	1irh_A	1	4	2.241E-03	1.000	1.168E+00	EFHGPSWCLTPADRGLCRANENRFYYNSVIGKCRPFKYSGCGGNENNFTSKQECLRACKKG
5pti.pdb	1jc6_A	1	3	4.403E-04	1.000	1.892E+00	KNRPTFCNLLPETGRCNALIPAFYYNSHLHKCQKFNYGGCGGNANNFKTIDECQRTCAAKYGRSS
5pti.pdb	1bf0_A	2	4	1.247E-03	1.000	1.486E+00	WQPPWYCKEPVRIGSCKKQFSSFYFKWTAKKCLPFLFSGCGGNANRFQTIGECRKKCLGK
5pti.pdb	1irh_A	1	4	2.391E-03	1.000	1.266E+00	EFHGPSWCLTPADRGLCRANENRFYYNSVIGKCRPFKYSGCGGNENNFTSKQECLRACKKG
5pti.pdb	2jot_A	3	2	6.506E-04	1.000	1.854E+00	IDTCRLPSDRGRCKASFERWYFNGRTCAKFIYGGCGGNGNKFPTQEACMKRCAKA
5pti.pdb	2jot_A	3	2	7.411E-04	1.000	2.168E+00	IDTCRLPSDRGRCKASFERWYFNGRTCAKFIYGGCGGNGNKFPTQEACMKRCAKA
5pti.pdb	1bf0_A	4	6	1.331E-03	1.000	1.386E+00	WQPPWYCKEPVRIGSCKKQFSSFYFKWTAKKCLPFLFSGCGGNANRFQTIGECRKKCLGK
5pti.pdb	1den_A	2	4	2.099E-03	1.000	1.385E+00	QPLRKLCILHRNPGRCYQKIPAFYYNQKKKQCEGFTWSGCGGNSNRFKTIEECRRTCIRK
5pti.pdb	1bf0_A	2	4	2.391E-03	1.000	1.324E+00	WQPPWYCKEPVRIGSCKKQFSSFYFKWTAKKCLPFLFSGCGGNANRFQTIGECRKKCLGK
5pti.pdb	1kun_A	3	3	1.095E-03	1.000	1.658E+00	ETDICKLPKDEGTCRDFILKWYYDPNTKSCARFWYGGCGGNENKFGSQKECEKVCAPV
5pti.pdb	1kun_A	3	3	2.241E-03	1.000	1.751E+00	ETDICKLPKDEGTCRDFILKWYYDPNTKSCARFWYGGCGGNENKFGSQKECEKVCAPV
5pti.pdb	1irh_A	2	5	4.584E-03	1.000	9.414E-01	EFHGPSWCLTPADRGLCRANENRFYYNSVIGKCRPFKYSGCGGNENNFTSKQECLRACKKG
5pti.pdb	1irh_A	2	5	3.534E-03	1.000	1.168E+00	EFHGPSWCLTPADRGLCRANENRFYYNSVIGKCRPFKYSGCGGNENNFTSKQECLRACKKG
5pti.pdb	1jc6_A	1	3	1.516E-03	1.000	1.672E+00	KNRPTFCNLLPETGRCNALIPAFYYNSHLHKCQKFNYGGCGGNANNFKTIDECQRTCAAKYGRSS
5pti.pdb	2ca7_A	1	3	3.102E-03	1.000	1.357E+00	KDRPSLCDLPADSGSGTKAEKRIYYNSARKQCLRFDYTGQGGNENNFRRTYDCQRTCLYT
5pti.pdb	1irh_A	2	5	4.295E-03	1.000	1.259E+00	EFHGPSWCLTPADRGLCRANENRFYYNSVIGKCRPFKYSGCGGNENNFTSKQECLRACKKG
5pti.pdb	2m01_A	5	4	1.516E-03	1.000	1.548E+00	KKKCQLPSDVGKGKASFTRYYYNEESGKCETFIYGGVGGNSNNFLTKEDCCRECAQGSC
5pti.pdb	1bf0_A	2	4	2.907E-03	1.000	1.547E+00	WQPPWYCKEPVRIGSCKKQFSSFYFKWTAKKCLPFLFSGCGGNANRFQTIGECRKKCLGK
5pti.pdb	1irh_A	1	4	3.771E-03	1.000	1.412E+00	EFHGPSWCLTPADRGLCRANENRFYYNSVIGKCRPFKYSGCGGNENNFTSKQECLRACKKG
5pti.pdb	2j6d_A	1	2	1.967E-03	1.000	2.699E+00	ARPKDRPSYCNLPADSGSGTKPEQRIYYNSAKKQCVTFTYNGKGGNGNNFSRTNDCRQTCQYPVG
5pti.pdb	1kun_A	3	3	3.311E-03	1.000	2.001E+00	ETDICKLPKDEGTCRDFILKWYYDPNTKSCARFWYGGCGGNENKFGSQKECEKVCAPV
5pti.pdb	1irh_A	1	4	4.584E-03	1.000	1.420E+00	EFHGPSWCLTPADRGLCRANENRFYYNSVIGKCRPFKYSGCGGNENNFTSKQECLRACKKG
5pti.pdb	1irh_A	1	4	6.347E-03	1.000	1.338E+00	EFHGPSWCLTPADRGLCRANENRFYYNSVIGKCRPFKYSGCGGNENNFTSKQECLRACKKG
5pti.pdb	1den_A	2	4	5.947E-03	1.000	1.386E+00	QPLRKLCILHRNPGRCYQKIPAFYYNQKKKQCEGFTWSGCGGNSNRFKTIEECRRTCIRK
5pti.pdb	2m01_A	5	4	2.391E-03	1.000	1.643E+00	KKKCQLPSDVGKGKASFTRYYYNEESGKCETFIYGGVGGNSNNFLTKEDCCRECAQGSC
5pti.pdb	2m01_A	4	2	1.516E-03	1.000	2.076E+00	KKKCQLPSDVGKGKASFTRYYYNEESGKCETFIYGGVGGNSNNFLTKEDCCRECAQGSC
5pti.pdb	1bf0_A	4	6	4.295E-03	1.000	1.772E+00	WQPPWYCKEPVRIGSCKKQFSSFYFKWTAKKCLPFLFSGCGGNANRFQTIGECRKKCLGK
5pti.pdb	2jot_A	3	2	1.967E-03	1.000	2.106E+00	IDTCRLPSDRGRCKASFERWYFNGRTCAKFIYGGCGGNGNKFPTQEACMKRCAKA
5pti.pdb	2m01_A	5	4	1.727E-03	1.000	1.916E+00	KKKCQLPSDVGKGKASFTRYYYNEESGKCETFIYGGVGGNSNNFLTKEDCCRECAQGSC
5pti.pdb	2m01_A	5	4	3.102E-03	1.000	1.596E+00	KKKCQLPSDVGKGKASFTRYYYNEESGKCETFIYGGVGGNSNNFLTKEDCCRECAQGSC
5pti.pdb	1irh_A	1	4	9.380E-03	1.000	1.519E+00	EFHGPSWCLTPADRGLCRANENRFYYNSVIGKCRPFKYSGCGGNENNFTSKQECLRACKKG
5pti.pdb	1irh_A	5	8	1.068E-02	1.000	1.009E+00	EFHGPSWCLTPADRGLCRANENRFYYNSVIGKCRPFKYSGCGGNENNFTSKQECLRACKKG
5pti.pdb	1den_A	2	4	9.380E-03	1.000	1.408E+00	QPLRKLCILHRNPGRCYQKIPAFYYNQKKKQCEGFTWSGCGGNSNRFKTIEECRRTCIRK
5pti.pdb	1irh_A	1	4	8.235E-03	1.000	1.637E+00	EFHGPSWCLTPADRGLCRANENRFYYNSVIGKCRPFKYSGCGGNENNFTSKQECLRACKKG
5pti.pdb	2j6d_A	2	7	6.347E-03	1.000	1.951E+00	ARPKDRPSYCNLPADSGSGTKPEQRIYYNSAKKQCVTFTYNGKGGNGNNFSRTNDCRQTCQYPVG
5pti.pdb	2jot_A	3	2	3.311E-03	1.000	2.004E+00	IDTCRLPSDRGRCKASFERWYFNGRTCAKFIYGGCGGNGNKFPTQEACMKRCAKA
5pti.pdb	6nan_A	5	64	4.893E-03	1.000	1.770E+00	ESWVSCLDPEQVTCESQEGTHASYNRKTGQCEEQKGTECGGGENHFETLLKCNESCNDAPKPPCSLEVDYGVGRANIPRWYYDTNNATCEMFTYGGITGNKNNFESEEECKETCKGFS
5pti.pdb	1den_A	2	4	4.025E-03	1.000	2.106E+00	QPLRKLCILHRNPGRCYQKIPAFYYNQKKKQCEGFTWSGCGGNSNRFKTIEECRRTCIRK
5pti.pdb	1irh_A	1	4	1.386E-02	1.000	1.366E+00	EFHGPSWCLTPADRGLCRANENRFYYNSVIGKCRPFKYSGCGGNENNFTSKQECLRACKKG
5pti.pdb	1den_A	5	7	6.347E-03	1.000	2.126E+00	QPLRKLCILHRNPGRCYQKIPAFYYNQKKKQCEGFTWSGCGGNSNRFKTIEECRRTCIRK
5pti.pdb	1irh_A	2	5	1.798E-02	1.000	1.095E+00	EFHGPSWCLTPADRGLCRANENRFYYNSVIGKCRPFKYSGCGGNENNFTSKQECLRACKKG
5pti.pdb	1den_A	2	4	8.235E-03	1.000	1.911E+00	QPLRKLCILHRNPGRCYQKIPAFYYNQKKKQCEGFTWSGCGGNSNRFKTIEECRRTCIRK
5pti.pdb	1irh_A	1	4	1.798E-02	1.000	1.466E+00	EFHGPSWCLTPADRGLCRANENRFYYNSVIGKCRPFKYSGCGGNENNFTSKQECLRACKKG
5pti.pdb	1den_A	2	4	2.048E-02	1.000	1.286E+00	QPLRKLCILHRNPGRCYQKIPAFYYNQKKKQCEGFTWSGCGGNSNRFKTIEECRRTCIRK
5pti.pdb	1den_A	5	7	1.001E-02	1.000	1.632E+00	QPLRKLCILHRNPGRCYQKIPAFYYNQKKKQCEGFTWSGCGGNSNRFKTIEECRRTCIRK
5pti.pdb	1den_A	2	4	1.479E-02	1.000	1.943E+00	QPLRKLCILHRNPGRCYQKIPAFYYNQKKKQCEGFTWSGCGGNSNRFKTIEECRRTCIRK
5pti.pdb	2m01_A	5	4	7.716E-03	1.000	2.053E+00	KKKCQLPSDVGKGKASFTRYYYNEESGKCETFIYGGVGGNSNNFLTKEDCCRECAQGSC
5pti.pdb	2m01_A	5	4	7.716E-03	1.000	1.993E+00	KKKCQLPSDVGKGKASFTRYYYNEESGKCETFIYGGVGGNSNNFLTKEDCCRECAQGSC
5pti.pdb	2kcr_A	5	7	9.380E-03	1.000	2.470E+00	PAQDYRCQLSRNYGKGSGSFTNYYYDKATSSCKTFRYRGSGGNGNRFKTLEDCEATCVTAE
5pti.pdb	1den_A	2	4	8.789E-03	1.000	2.499E+00	QPLRKLCILHRNPGRCYQKIPAFYYNQKKKQCEGFTWSGCGGNSNRFKTIEECRRTCIRK
5pti.pdb	2kcr_A	1	3	1.140E-02	1.000	2.641E+00	PAQDYRCQLSRNYGKGSGSFTNYYYDKATSSCKTFRYRGSGGNGNRFKTLEDCEATCVTAE
5pti.pdb	2kcr_A	6	9	1.140E-02	1.000	2.224E+00	PAQDYRCQLSRNYGKGSGSFTNYYYDKATSSCKTFRYRGSGGNGNRFKTLEDCEATCVTAE
5pti.pdb	1den_A	2	4	3.679E-02	1.000	1.657E+00	QPLRKLCILHRNPGRCYQKIPAFYYNQKKKQCEGFTWSGCGGNSNRFKTIEECRRTCIRK
5pti.pdb	1toc_R	5	66	1.579E-02	1.000	2.308E+00	SLNVLCNNPHTADCNNDAQVDRYFREGTTCLMSPACTSEGYASQHECQQACFVGGEDHSSEMHSSCLGDPPTSCAEGTDITYYDSDSKTCKVLAASCPSGENTFESEVECQVACGAPIEG
5pti.pdb	1den_A	2	4	3.679E-02	0.999	2.058E+00	QPLRKLCILHRNPGRCYQKIPAFYYNQKKKQCEGFTWSGCGGNSNRFKTIEECRRTCIRK
5pti.pdb	2kcr_A	5	7	2.333E-02	0.999	2.952E+00	PAQDYRCQLSRNYGKGSGSFTNYYYDKATSSCKTFRYRGSGGNGNRFKTLEDCEATCVTAE
5pti.pdb	2kcr_A	5	7	2.657E-02	0.998	3.096E+00	PAQDYRCQLSRNYGKGSGSFTNYYYDKATSSCKTFRYRGSGGNGNRFKTLEDCEATCVTAE
5pti.pdb	2kcr_A	5	7	5.437E-02	0.997	2.669E+00	PAQDYRCQLSRNYGKGSGSFTNYYYDKATSSCKTFRYRGSGGNGNRFKTLEDCEATCVTAE
5pti.pdb	2kcr_A	1	3	8.034E-02	0.997	2.207E+00	PAQDYRCQLSRNYGKGSGSFTNYYYDKATSSCKTFRYRGSGGNGNRFKTLEDCEATCVTAE
